"","lon","lat"
"1",-75.977985,36.8529263
"2",-74.0059413,40.7127837
"3",-89.3985283,40.6331249
"4",-123.0867536,44.0520691
"5",-74.0059413,40.7127837
"6",-77.0368707,38.9071923
"7",-111.9400054,33.4255104
"8",-99.9018131,31.9685988
"9",-73.9441579,40.6781784
"10",-86.4808043,36.9685219
"11",-77.1067698,38.8799697
"12",-75.977985,36.8529263
"13",-95.3698028,29.7604267
"14",-77.0368707,38.9071923
"15",-86.902298,32.3182314
"16",-105.7820674,39.5500507
"17",-93.097702,41.8780025
"18",-95.3698028,29.7604267
"19",-119.4179324,36.778261
"20",-74.4056612,40.0583238
"21",-82.9000751,32.1656221
"22",-104.8213634,38.8338816
"23",-93.097702,41.8780025
"24",-77.0368707,38.9071923
"25",-75.5276699,38.9108325
"26",-97.7430608,30.267153
"27",-106.346771,56.130366
"28",-78.6568942,37.4315734
"29",-80.4549026,38.5976262
"30",-97.5164276,35.4675602
"31",-80.3972736,27.6386434
"32",-79.0192997,35.7595731
"33",-111.0937311,39.3209801
"34",-71.2760089,42.4906231
"35",-112.0740373,33.4483771
"36",-81.5157535,27.6648274
"37",-74.4056612,40.0583238
"38",-92.1385922,34.8957345
"39",-84.3879824,33.7489954
"40",-114.7420408,44.0682019
"41",-84.3879824,33.7489954
"42",-123.0867536,44.0520691
"43",-101.0020119,47.5514926
"44",-119.4179324,36.778261
"45",-74.0059413,40.7127837
"46",-82.9000751,32.1656221
"47",-76.8705293,39.1389968
"48",-77.0368707,38.9071923
"49",-82.907123,40.4172871
"50",-74.0059413,40.7127837
"51",-74.0059413,40.7127837
"52",-73.9849902,40.7612429
"53",-74.0059413,40.7127837
"54",-120.8958242,38.8375215
"55",-81.5157535,27.6648274
"56",-80.1373174,26.1224386
"57",-79.0192997,35.7595731
"58",-77.0368707,38.9071923
"59",-73.087749,41.6032207
"60",-111.9260519,33.4941704
"61",NA,NA
"62",-2.6034233,54.1563394
"63",-98.4936282,29.4241219
"64",NA,NA
"65",-118.3286614,34.0928092
"66",-1.1581086,52.9547832
"67",-1.1581086,52.9547832
"68",-95.8243956,29.7857853
"69",NA,NA
"70",-0.1277583,51.5073509
"71",-112.0740373,33.4483771
"72",-115.1398296,36.1699412
"73",-3.7837117,52.1306607
"74",-1.890401,52.486243
"75",-0.1277583,51.5073509
"76",-71.5723953,43.1938516
"77",NA,NA
"78",NA,NA
"79",-69.4454689,45.253783
"80",NA,NA
"81",NA,NA
"82",-118.2436849,34.0522342
"83",-95.3698028,29.7604267
"84",-95.8243956,29.7857853
"85",-94.5785667,39.0997265
"86",-84.3879824,33.7489954
"87",-118.2436849,34.0522342
"88",-122.2059833,47.6768927
"89",NA,NA
"90",-98.2300124,26.2034071
"91",-74.0059413,40.7127837
"92",NA,NA
"93",-80.1436057,40.7882723
"94",-122.3320708,47.6062095
"95",-1.1743197,52.3555177
"96",NA,NA
"97",-80.2533838,35.8240265
"98",-118.1937395,33.7700504
"99",NA,NA
"100",-74.0059413,40.7127837
"101",NA,NA
"102",-77.0368707,38.9071923
"103",-99.598551,19.2528864
"104",NA,NA
"105",-102.552784,23.634501
"106",NA,NA
"107",NA,NA
"108",NA,NA
"109",-73.134961,40.789142
"110",-81.551844,28.373949
"111",-3.17909,51.481581
"112",-81.8543026,41.3661614
"113",-76.727745,39.9625984
"114",NA,NA
"115",-76.727745,39.9625984
"116",NA,NA
"117",-82.3534727,36.3134397
"118",NA,NA
"119",-88.0191182,44.5198149
"120",-80.4967367,41.2122784
"121",-95.9979883,41.2523634
"122",-74.0010288,40.7311947
"123",15.6213727,58.410807
"124",-84.5499327,33.952602
"125",-111.6585337,40.2338438
"126",72.8776559,19.0759837
"127",NA,NA
"128",NA,NA
"129",39.2375507,21.2854067
"130",-43.1728965,-22.9068467
"131",-97.7430608,30.267153
"132",-0.474131,51.638763
"133",-71.5375718,43.2081366
"134",37.6173,55.755826
"135",NA,NA
"136",-96.7969879,32.7766642
"137",NA,NA
"138",NA,NA
"139",-74.2097014,40.082129
"140",NA,NA
"141",-71.0588801,42.3600825
"142",NA,NA
"143",-71.0588801,42.3600825
"144",-2.5969501,53.3900441
"145",NA,NA
"146",-0.208661,51.8031689
"147",-2.1847281,50.8408429
"148",NA,NA
"149",35.233154,31.952162
"150",-7.6920536,53.1423672
"151",NA,NA
"152",-86.902298,32.3182314
"153",NA,NA
"154",110.4193941,-6.9747931
"155",-3.435973,55.378051
"156",NA,NA
"157",NA,NA
"158",-2.2426305,53.4807593
"159",36.8219462,-1.2920659
"160",NA,NA
"161",-0.577213,51.6297828
"162",NA,NA
"163",-0.1277583,51.5073509
"164",NA,NA
"165",-74.2286435,40.7263249
"166",55.2707828,25.2048493
"167",-119.4179324,36.778261
"168",NA,NA
"169",37.906193,-0.023559
"170",-71.0588801,42.3600825
"171",-8.24389,53.41291
"172",NA,NA
"173",-84.3879824,33.7489954
"174",NA,NA
"175",-84.3879824,33.7489954
"176",-118.3687363,34.1396769
"177",-97.464453,31.0560132
"178",-79.3831843,43.653226
"179",NA,NA
"180",-75.8813075,41.2459149
"181",-79.8136446,35.7079146
"182",NA,NA
"183",NA,NA
"184",NA,NA
"185",NA,NA
"186",-70.8226541,43.9653889
"187",NA,NA
"188",NA,NA
"189",NA,NA
"190",-74.0059413,40.7127837
"191",-72.9932969,40.8858353
"192",-74.0059413,40.7127837
"193",-80.765361,35.2775488
"194",-82.4571776,27.950575
"195",-77.1945247,41.2033216
"196",-94.5785667,39.0997265
"197",-82.9000751,32.1656221
"198",-106.6700458,52.1332144
"199",NA,NA
"200",-117.1610838,32.715738
"201",NA,NA
"202",-71.3250563,42.1195426
"203",-122.6764816,45.5230622
"204",-81.5157535,27.6648274
"205",NA,NA
"206",NA,NA
"207",-84.3879824,33.7489954
"208",-71.0602131,42.3782065
"209",2.1734035,41.3850639
"210",-86.7816016,36.1626638
"211",NA,NA
"212",NA,NA
"213",NA,NA
"214",-84.3879824,33.7489954
"215",-84.3879824,33.7489954
"216",-0.1277583,51.5073509
"217",NA,NA
"218",NA,NA
"219",NA,NA
"220",-73.5831835,40.6576022
"221",-118.1937395,33.7700504
"222",-1.479726,53.55263
"223",-80.0325867,32.9810059
"224",-118.2436849,34.0522342
"225",-122.4194155,37.7749295
"226",-75.2624,40.6873206
"227",NA,NA
"228",-95.3698028,29.7604267
"229",NA,NA
"230",NA,NA
"231",-95.712891,37.09024
"232",-117.0625658,32.7536502
"233",-95.712891,37.09024
"234",-70.8226541,43.9653889
"235",NA,NA
"236",NA,NA
"237",43.9360589,56.2965039
"238",-117.1610838,32.715738
"239",NA,NA
"240",NA,NA
"241",NA,NA
"242",-71.2478251,42.0653812
"243",-2.371833,53.3005939
"244",-77.0368707,38.9071923
"245",-119.4179324,36.778261
"246",NA,NA
"247",NA,NA
"248",-79.532157,43.8169837
"249",NA,NA
"250",-78.5065048,38.70619
"251",91.7362365,26.1445169
"252",-77.209943,40.204194
"253",NA,NA
"254",-5.2385206,50.2570914
"255",NA,NA
"256",-85.6023643,44.3148443
"257",-68.0477509,10.1176433
"258",NA,NA
"259",NA,NA
"260",-118.2444318,34.1156037
"261",8.468946,60.472024
"262",-80.2481666,43.5448048
"263",NA,NA
"264",NA,NA
"265",-5.93012,54.597285
"266",NA,NA
"267",-100.3161126,25.6866142
"268",-87.9372908,42.0664167
"269",-1.994828,51.3489069
"270",NA,NA
"271",-97.396381,27.8005828
"272",-73.354287,40.718155
"273",NA,NA
"274",-79.3831843,43.653226
"275",-0.1869644,5.6037168
"276",-71.1061639,42.4184296
"277",-0.1144864,51.566937
"278",NA,NA
"279",NA,NA
"280",-74.0059413,40.7127837
"281",-71.2008912,42.7885553
"282",-71.0110473,42.4651421
"283",NA,NA
"284",NA,NA
"285",NA,NA
"286",-1.61778,54.978252
"287",NA,NA
"288",NA,NA
"289",-80.1373174,26.1224386
"290",-2.6325074,53.5450645
"291",NA,NA
"292",NA,NA
"293",-76.535758,3.45246
"294",-95.712891,37.09024
"295",NA,NA
"296",-81.3792365,28.5383355
"297",-119.2470536,35.7688425
"298",-2.997664,51.584151
"299",NA,NA
"300",NA,NA
"301",NA,NA
"302",NA,NA
"303",NA,NA
"304",-114.9817213,36.0395247
"305",NA,NA
"306",NA,NA
"307",-119.4179324,36.778261
"308",NA,NA
"309",NA,NA
"310",NA,NA
"311",NA,NA
"312",NA,NA
"313",32.6051351,-25.891968
"314",NA,NA
"315",-77.4360481,37.5407246
"316",-86.1349019,40.2671941
"317",-85.7584557,38.2526647
"318",-121.2907796,37.9577016
"319",-74.0059413,40.7127837
"320",-96.9101806,19.5437751
"321",-111.0937311,34.0489281
"322",-71.0588801,42.3600825
"323",-83.9251809,34.1851017
"324",-46.6333094,-23.5505199
"325",-73.354287,40.718155
"326",NA,NA
"327",NA,NA
"328",NA,NA
"329",-84.1190804,34.4212052
"330",-97.3307658,32.7554883
"331",-76.6121893,39.2903848
"332",NA,NA
"333",NA,NA
"334",NA,NA
"335",-118.2436849,34.0522342
"336",NA,NA
"337",-84.4277001,33.6407282
"338",NA,NA
"339",-77.3177577,42.3370164
"340",-73.9441579,40.6781784
"341",-83.9811014,34.1140497
"342",NA,NA
"343",NA,NA
"344",NA,NA
"345",-96.7969879,32.7766642
"346",-100.9855409,22.1564699
"347",NA,NA
"348",-122.3105666,41.3098746
"349",-115.1398296,36.1699412
"350",-82.3940104,34.8526176
"351",NA,NA
"352",NA,NA
"353",-70.7625532,43.0717552
"354",NA,NA
"355",NA,NA
"356",NA,NA
"357",NA,NA
"358",NA,NA
"359",NA,NA
"360",-89.3985283,32.3546679
"361",-109.930367,27.4827729
"362",-110.9559192,29.0729673
"363",-116.5963713,31.8667427
"364",-115.4522623,32.6245389
"365",-117.0382471,32.5149469
"366",-112.0740373,33.4483771
"367",NA,NA
"368",NA,NA
"369",-122.7140548,38.440429
"370",-71.0588801,42.3600825
"371",-0.1277583,51.5073509
"372",-95.3698028,29.7604267
"373",NA,NA
"374",-99.3395636,20.0535516
"375",-102.552784,23.634501
"376",NA,NA
"377",-71.0588801,42.3600825
"378",-99.133208,19.4326077
"379",-102.552784,23.634501
"380",-83.6299518,42.9275277
"381",NA,NA
"382",NA,NA
"383",NA,NA
"384",NA,NA
"385",-84.3879824,33.7489954
"386",NA,NA
"387",NA,NA
"388",NA,NA
"389",-104.6960383,40.4055121
"390",NA,NA
"391",NA,NA
"392",NA,NA
"393",-81.495588,35.2350539
"394",NA,NA
"395",-70.9107708,41.8929942
"396",-83.9811014,34.1140497
"397",NA,NA
"398",-99.9018131,31.9685988
"399",-97.1383744,49.895136
"400",NA,NA
"401",-84.3879824,33.7489954
"402",-84.5037164,38.0405837
"403",-74.0059413,40.7127837
"404",NA,NA
"405",NA,NA
"406",-93.8124762,41.5581325
"407",-51.2176584,-30.0346471
"408",-95.9979883,41.2523634
"409",NA,NA
"410",NA,NA
"411",-3.435973,55.378051
"412",-95.712891,37.09024
"413",-74.8175423,38.9938084
"414",-118.2436849,34.0522342
"415",NA,NA
"416",NA,NA
"417",-0.1277583,51.5073509
"418",77.5945627,12.9715987
"419",-74.0059413,40.7127837
"420",-76.8720961,38.7849211
"421",-95.3698028,29.7604267
"422",-74.0059413,40.7127837
"423",-74.0059413,40.7127837
"424",NA,NA
"425",-2.12882,52.586973
"426",-0.335246,51.444581
"427",-0.1438979,51.4952103
"428",-3.943646,51.62144
"429",-1.4953028,53.3676006
"430",-0.39032,51.656489
"431",-118.2436849,34.0522342
"432",-97.7430608,30.267153
"433",NA,NA
"434",-77.816947,42.795896
"435",-74.0079818,40.709893
"436",-90.0715323,29.9510658
"437",-81.848391,41.3735087
"438",-81.8543026,41.3661614
"439",-119.8138027,39.5296329
"440",NA,NA
"441",-74.0059413,40.7127837
"442",-71.3824374,42.4072107
"443",-71.0588801,42.3600825
"444",-77.0368707,38.9071923
"445",12.56738,41.87194
"446",-73.087749,41.6032207
"447",-95.3698028,29.7604267
"448",-96.7969879,32.7766642
"449",-71.1097335,42.3736158
"450",-73.134961,40.789142
"451",-73.7948516,40.7282239
"452",-69.4454689,45.253783
"453",-71.3824374,42.4072107
"454",-78.0399994,39.3578781
"455",-84.3879824,33.7489954
"456",NA,NA
"457",-79.0192997,35.7595731
"458",NA,NA
"459",-87.6297982,41.8781136
"460",NA,NA
"461",NA,NA
"462",-7.09262,31.791702
"463",-81.5157535,27.6648274
"464",NA,NA
"465",-68.6453092,44.9342349
"466",NA,NA
"467",NA,NA
"468",NA,NA
"469",NA,NA
"470",-75.157082,39.952915
"471",NA,NA
"472",-73.3362298,40.8048207
"473",NA,NA
"474",-95.712891,37.09024
"475",-117.0625658,32.7536502
"476",-81.975299,28.1219473
"477",NA,NA
"478",NA,NA
"479",-89.3985283,40.6331249
"480",-71.0588801,42.3600825
"481",-86.902298,32.3182314
"482",NA,NA
"483",NA,NA
"484",NA,NA
"485",NA,NA
"486",36.2630846,5.4509133
"487",-96.7969879,32.7766642
"488",NA,NA
"489",NA,NA
"490",-94.097168,41.5519547
"491",NA,NA
"492",-87.741575,41.6544399
"493",8.541694,47.3768866
"494",-80.1289321,26.3683064
"495",-86.7816016,36.1626638
"496",NA,NA
"497",28.9783589,41.0082376
"498",NA,NA
"499",-71.2478251,42.0653812
"500",NA,NA
"501",-77.0368707,38.9071923
"502",-86.80249,33.5206608
"503",NA,NA
"504",NA,NA
"505",90.4125181,23.810332
"506",-104.8730088,39.8675693
"507",-95.3698028,29.7604267
"508",-106.346771,56.130366
"509",-123.1419832,49.2690663
"510",-81.5157535,27.6648274
"511",-111.9260519,33.4941704
"512",-122.3320708,47.6062095
"513",-84.0907246,9.9280694
"514",-122.6764816,45.5230622
"515",-82.7873244,27.9094665
"516",-82.4571776,27.950575
"517",NA,NA
"518",NA,NA
"519",-79.9310512,32.7764749
"520",NA,NA
"521",NA,NA
"522",NA,NA
"523",NA,NA
"524",NA,NA
"525",NA,NA
"526",NA,NA
"527",NA,NA
"528",-71.5163049,42.1398577
"529",-77.0368707,38.9071923
"530",-77.4360481,37.5407246
"531",-71.0588801,42.3600825
"532",NA,NA
"533",NA,NA
"534",NA,NA
"535",NA,NA
"536",NA,NA
"537",NA,NA
"538",-95.3698028,29.7604267
"539",-75.5276699,38.9108325
"540",NA,NA
"541",-97.7430608,30.267153
"542",-84.5120196,39.1031182
"543",-99.9018131,31.9685988
"544",-96.8899636,32.9756415
"545",-97.7430608,30.267153
"546",NA,NA
"547",-71.3824374,42.4072107
"548",NA,NA
"549",-104.9338675,39.8083196
"550",-74.072092,4.7109886
"551",NA,NA
"552",-80.8431267,35.2270869
"553",NA,NA
"554",-77.0326652,38.891872
"555",-82.9000751,32.1656221
"556",NA,NA
"557",-81.1009286,33.8170974
"558",-71.0588801,42.3600825
"559",NA,NA
"560",-74.8309248,41.5157622
"561",NA,NA
"562",-70.7742804,43.4391627
"563",-95.712891,37.09024
"564",-71.4774291,41.5800945
"565",NA,NA
"566",NA,NA
"567",-43.1728965,-22.9068467
"568",-117.4260466,47.6587802
"569",-118.3286614,34.0928092
"570",-80.782127,8.537981
"571",-118.1445155,34.1477849
"572",NA,NA
"573",NA,NA
"574",NA,NA
"575",-118.2436849,34.0522342
"576",NA,NA
"577",-70.9811334,42.3778173
"578",NA,NA
"579",-71.5147839,42.0028761
"580",NA,NA
"581",NA,NA
"582",-99.9018131,31.9685988
"583",NA,NA
"584",-95.3698028,29.7604267
"585",-105.7820674,39.5500507
"586",NA,NA
"587",NA,NA
"588",NA,NA
"589",-118.2436849,34.0522342
"590",NA,NA
"591",-99.9018131,31.9685988
"592",NA,NA
"593",NA,NA
"594",-80.1917902,25.7616798
"595",-112.1874521,33.5712484
"596",-73.8346438,40.7017546
"597",120.960515,23.69781
"598",NA,NA
"599",-102.552784,23.634501
"600",-103.416501,20.6719563
"601",-103.3496092,20.6596988
"602",-103.315478,20.6486705
"603",105.318756,61.52401
"604",-74.290702,40.4778838
"605",-94.1265562,30.080174
"606",NA,NA
"607",-80.1439343,26.052311
"608",NA,NA
"609",-67.4822429,-45.8656149
"610",-82.907123,40.4172871
"611",-118.2436849,34.0522342
"612",NA,NA
"613",NA,NA
"614",NA,NA
"615",NA,NA
"616",NA,NA
"617",-116.2146068,43.6187102
"618",-73.2519376,40.8212188
"619",NA,NA
"620",NA,NA
"621",-90.7195348,29.5957696
"622",-47.3798391,-22.3604911
"623",NA,NA
"624",-70.8772751,42.8125913
"625",NA,NA
"626",NA,NA
"627",-87.6297982,41.8781136
"628",-95.3698028,29.7604267
"629",NA,NA
"630",153.0251235,-27.4697707
"631",2.1734035,41.3850639
"632",-75.977985,36.8529263
"633",NA,NA
"634",-95.3698028,29.7604267
"635",-95.3698028,29.7604267
"636",-1.132169,51.343801
"637",-87.6297982,41.8781136
"638",-71.0095602,42.3656132
"639",-111.8910474,40.7607793
"640",NA,NA
"641",NA,NA
"642",NA,NA
"643",-73.662138,40.7419533
"644",-71.4128343,41.8239891
"645",-77.4752667,38.7509488
"646",NA,NA
"647",-71.2478251,42.0653812
"648",NA,NA
"649",-77.0368707,38.9071923
"650",NA,NA
"651",-71.4196903,42.276141
"652",NA,NA
"653",NA,NA
"654",-71.3824374,42.4072107
"655",NA,NA
"656",-81.5157535,27.6648274
"657",24.1051864,56.9496487
"658",-80.8431267,35.2270869
"659",-92.6376186,16.7370359
"660",-2.585278,49.465691
"661",-80.085059,42.1292241
"662",NA,NA
"663",-80.022456,32.799744
"664",NA,NA
"665",NA,NA
"666",-72.589811,42.1014831
"667",-111.8900831,40.5266854
"668",-122.3320708,47.6062095
"669",-0.1306533,51.3999112
"670",-76.6438598,39.4812172
"671",-71.0588801,42.3600825
"672",-89.6645266,35.042036
"673",-82.8309861,36.1631574
"674",-80.3997748,26.1003654
"675",-76.632607,39.3333706
"676",-97.1330683,33.2148412
"677",NA,NA
"678",2.5508683,41.5797073
"679",-81.5157535,27.6648274
"680",-71.0588801,42.3600825
"681",NA,NA
"682",-83.7430378,42.2808256
"683",-86.3442107,34.3614336
"684",NA,NA
"685",-71.0588801,42.3600825
"686",NA,NA
"687",-6.1260744,36.6850064
"688",NA,NA
"689",NA,NA
"690",NA,NA
"691",NA,NA
"692",NA,NA
"693",NA,NA
"694",-87.5710898,37.9715592
"695",-81.1637245,33.836081
"696",NA,NA
"697",-77.3570028,38.9586307
"698",-118.1937395,33.7700504
"699",NA,NA
"700",-84.3879824,33.7489954
"701",-78.6568942,37.4315734
"702",-74.4056612,40.0583238
"703",NA,NA
"704",NA,NA
"705",NA,NA
"706",-76.9996904,38.8961195
"707",-95.712891,37.09024
"708",NA,NA
"709",-80.4549026,38.5976262
"710",-95.510879,30.711716
"711",-89.0356659,36.5761629
"712",-71.0588801,42.3600825
"713",12.3730747,51.3396955
"714",NA,NA
"715",NA,NA
"716",NA,NA
"717",NA,NA
"718",-89.3985283,40.6331249
"719",-108.5172441,53.1148346
"720",NA,NA
"721",-98.4936282,29.4241219
"722",NA,NA
"723",NA,NA
"724",NA,NA
"725",NA,NA
"726",NA,NA
"727",NA,NA
"728",-72.5778415,44.5588028
"729",-95.712891,37.09024
"730",NA,NA
"731",-92.0198427,30.2240897
"732",-73.7140195,41.1264849
"733",-78.8783689,42.8864468
"734",-73.9904183,40.7544077
"735",-87.6744891,41.4914236
"736",NA,NA
"737",NA,NA
"738",-87.6297982,41.8781136
"739",NA,NA
"740",NA,NA
"741",-71.3824374,42.4072107
"742",NA,NA
"743",NA,NA
"744",NA,NA
"745",NA,NA
"746",NA,NA
"747",-78.4678382,-0.1806532
"748",-82.4875981,28.8516486
"749",NA,NA
"750",-3.435973,55.378051
"751",-155.5827818,19.8967662
"752",NA,NA
"753",-104.990251,39.7392358
"754",35.21371,31.768319
"755",NA,NA
"756",-119.4179324,36.778261
"757",-71.0588801,42.3600825
"758",-118.542586,34.3916641
"759",NA,NA
"760",NA,NA
"761",NA,NA
"762",NA,NA
"763",-75.977985,36.8529263
"764",NA,NA
"765",-98.8705717,30.2743349
"766",-97.7430608,30.267153
"767",-81.5157535,27.6648274
"768",NA,NA
"769",-98.2269553,29.561618
"770",NA,NA
"771",NA,NA
"772",-70.8226541,43.9653889
"773",NA,NA
"774",18.0631302,59.3350706
"775",NA,NA
"776",-79.2902133,43.0581645
"777",NA,NA
"778",-79.3831843,43.653226
"779",-86.3442107,34.3614336
"780",-97.1080656,32.735687
"781",-71.3824374,42.4072107
"782",-70.3002024,41.7003208
"783",NA,NA
"784",-74.0059413,40.7127837
"785",NA,NA
"786",NA,NA
"787",NA,NA
"788",NA,NA
"789",-99.23699,19.5077027
"790",NA,NA
"791",NA,NA
"792",-95.2352501,38.9716689
"793",NA,NA
"794",-122.2928974,47.1853785
"795",-71.0588801,42.3600825
"796",-71.0588801,42.3600825
"797",-73.9878926,40.7553478
"798",-95.712891,37.09024
"799",-71.2478251,42.0653812
"800",-89.5684312,42.9935911
"801",-155.5827818,19.8967662
"802",-71.0588801,42.3600825
"803",NA,NA
"804",-95.3698028,29.7604267
"805",NA,NA
"806",NA,NA
"807",NA,NA
"808",-83.8240663,34.2978794
"809",NA,NA
"810",-71.1869963,41.9667703
"811",-112.1221652,33.4926777
"812",NA,NA
"813",-79.6903316,44.3893556
"814",-87.6297982,41.8781136
"815",NA,NA
"816",-95.6349463,29.6196787
"817",-74.0059413,40.7127837
"818",-71.0588801,42.3600825
"819",NA,NA
"820",-71.8022934,42.2625932
"821",-95.712891,37.09024
"822",NA,NA
"823",-122.3662376,47.5300986
"824",-149.9002778,61.2180556
"825",NA,NA
"826",-99.2797485,19.3637555
"827",-118.2436849,34.0522342
"828",NA,NA
"829",-1.1743197,52.3555177
"830",NA,NA
"831",2.3522219,48.856614
"832",-118.2436849,34.0522342
"833",NA,NA
"834",-81.3459405,41.2392227
"835",34.6414811,36.8121041
"836",NA,NA
"837",NA,NA
"838",-71.0588801,42.3600825
"839",NA,NA
"840",NA,NA
"841",NA,NA
"842",NA,NA
"843",-51.92528,-14.235004
"844",-46.6333094,-23.5505199
"845",-78.6381787,35.7795897
"846",NA,NA
"847",NA,NA
"848",-118.2436849,34.0522342
"849",-71.2856082,41.9445441
"850",NA,NA
"851",NA,NA
"852",-99.133208,19.4326077
"853",-122.5005311,42.4346247
"854",-81.5373456,41.4978306
"855",-4.293033,55.8748453
"856",NA,NA
"857",NA,NA
"858",NA,NA
"859",-111.6585337,40.2338438
"860",NA,NA
"861",-71.0542339,42.3647024
"862",NA,NA
"863",-79.4238392,43.6622355
"864",NA,NA
"865",-75.4637876,40.256213
"866",NA,NA
"867",6.7734556,51.2277411
"868",-77.1067698,38.8799697
"869",NA,NA
"870",NA,NA
"871",NA,NA
"872",-73.9712488,40.7830603
"873",-99.133208,19.4326077
"874",-71.0588801,42.3600825
"875",NA,NA
"876",-84.3879824,33.7489954
"877",NA,NA
"878",NA,NA
"879",NA,NA
"880",NA,NA
"881",-71.0588801,42.3600825
"882",NA,NA
"883",-102.552784,23.634501
"884",-73.087749,41.6032207
"885",-84.3879824,33.7489954
"886",-100.319906,25.790395
"887",NA,NA
"888",-83.9811014,34.1140497
"889",NA,NA
"890",-74.0059413,40.7127837
"891",NA,NA
"892",-117.1610838,32.715738
"893",NA,NA
"894",-84.3147572,10.0739464
"895",-118.4911912,34.0194543
"896",NA,NA
"897",NA,NA
"898",32.5825197,0.3475964
"899",-99.162549,19.4195256
"900",NA,NA
"901",-99.1411154,23.7369164
"902",35.482597,38.720489
"903",NA,NA
"904",-0.1277583,51.5073509
"905",-76.6199042,39.285026
"906",28.9783589,41.0082376
"907",-81.5157535,27.6648274
"908",-94.7404891,32.5007037
"909",-97.0035982,28.8052674
"910",NA,NA
"911",NA,NA
"912",-96.7132304,17.0542297
"913",-82.4609528,35.3187279
"914",NA,NA
"915",NA,NA
"916",NA,NA
"917",-95.712891,37.09024
"918",NA,NA
"919",-93.2650108,44.977753
"920",-81.563874,28.385233
"921",-86.5861037,34.7303688
"922",-85.1393513,41.079273
"923",-74.072092,4.7109886
"924",NA,NA
"925",13.7301877,45.548059
"926",121.0449768,14.7565784
"927",-87.771964,41.909611
"928",-51.92528,-14.235004
"929",NA,NA
"930",-46.6333094,-23.5505199
"931",NA,NA
"932",NA,NA
"933",138.252924,36.204824
"934",NA,NA
"935",-79.9958864,40.4406248
"936",NA,NA
"937",4.469936,50.503887
"938",-93.2228069,44.0906315
"939",-0.540579,53.230688
"940",-70.2962408,41.6687897
"941",-95.3698028,29.7604267
"942",NA,NA
"943",-113.4909267,53.544389
"944",NA,NA
"945",-69.4454689,45.253783
"946",-86.8430471,33.5562162
"947",-93.2650108,44.977753
"948",-118.2436849,34.0522342
"949",-95.3698028,29.7604267
"950",106.6527099,-6.2023936
"951",-99.9018131,31.9685988
"952",NA,NA
"953",-95.2945694,29.8739127
"954",NA,NA
"955",-74.297333,4.570868
"956",-70.5205436,19.2152609
"957",127.0234641,37.6188216
"958",NA,NA
"959",NA,NA
"960",-95.3698028,29.7604267
"961",NA,NA
"962",-93.21772,44.7319094
"963",-88.7440308,42.8360958
"964",-84.3879824,33.7489954
"965",NA,NA
"966",NA,NA
"967",-71.3824374,42.4072107
"968",NA,NA
"969",-84.2700179,37.8393332
"970",NA,NA
"971",NA,NA
"972",-116.5765035,53.9332706
"973",-89.2181911,13.6929403
"974",-117.1610838,32.715738
"975",NA,NA
"976",-58.3815591,-34.6036844
"977",NA,NA
"978",-99.9018131,31.9685988
"979",-87.2169149,30.421309
"980",-122.0310733,37.9779776
"981",-75.0966003,42.4556326
"982",NA,NA
"983",NA,NA
"984",-111.8900831,40.5266854
"985",NA,NA
"986",-122.1044699,37.4050393
"987",NA,NA
"988",-87.6297982,41.8781136
"989",-118.2436849,34.0522342
"990",-89.3985283,40.6331249
"991",-95.712891,37.09024
"992",NA,NA
"993",-89.4582865,43.051905
"994",NA,NA
"995",NA,NA
"996",-84.0632685,39.7092262
"997",-117.1610838,32.715738
"998",-71.759794,42.5250906
"999",-95.2860474,29.5635666
"1000",NA,NA
"1001",-157.9464013,21.4823116
"1002",-84.3879824,33.7489954
"1003",-95.9979883,41.2523634
"1004",8.459405,55.476466
"1005",-69.4454689,45.253783
"1006",-95.712891,37.09024
"1007",-71.5723953,43.1938516
"1008",-77.0368707,38.9071923
"1009",-115.1398296,36.1699412
"1010",-118.2436849,34.0522342
"1011",-95.3698028,29.7604267
"1012",NA,NA
"1013",NA,NA
"1014",-117.1610838,32.715738
"1015",NA,NA
"1016",-74.0059413,40.7127837
"1017",-122.2952474,37.9771452
"1018",-79.0416056,43.0871538
"1019",NA,NA
"1020",-75.6046494,39.2998339
"1021",-0.2120552,51.4535085
"1022",-71.0588801,42.3600825
"1023",-81.6943605,41.49932
"1024",-75.4636031,40.133503
"1025",NA,NA
"1026",133.775136,-25.274398
"1027",NA,NA
"1028",NA,NA
"1029",NA,NA
"1030",NA,NA
"1031",NA,NA
"1032",-57.6604364,53.1355091
"1033",-117.5931084,34.1063989
"1034",130.6281987,32.9159444
"1035",-87.6297982,41.8781136
"1036",-74.4056612,40.0583238
"1037",NA,NA
"1038",-71.0588801,42.3600825
"1039",-122.0838511,37.3860517
"1040",-102.552784,23.634501
"1041",2.1734035,41.3850639
"1042",-84.4382721,33.8498184
"1043",9.7232673,12.4460001
"1044",-71.0588801,42.3600825
"1045",-87.6297982,41.8781136
"1046",NA,NA
"1047",-99.7331439,32.4487364
"1048",-80.4549026,38.5976262
"1049",NA,NA
"1050",-72.0468164,41.5185189
"1051",-0.4502368,6.2374036
"1052",-90.053689,32.3488914
"1053",NA,NA
"1054",NA,NA
"1055",-79.7919754,36.0726354
"1056",NA,NA
"1057",NA,NA
"1058",NA,NA
"1059",-87.6297982,41.8781136
"1060",NA,NA
"1061",NA,NA
"1062",NA,NA
"1063",-58.3815591,-34.6036844
"1064",-76.5319854,3.4516467
"1065",NA,NA
"1066",-102.0779146,31.9973456
"1067",-79.9958864,40.4406248
"1068",NA,NA
"1069",NA,NA
"1070",-111.6488114,40.1613906
"1071",-76.2710833,-12.2720956
"1072",-64.7505,32.3078
"1073",-75.5397878,39.7390721
"1074",-88.7878678,43.7844397
"1075",-95.3698028,29.7604267
"1076",-112.0740373,33.4483771
"1077",NA,NA
"1078",-123.0726055,44.0448302
"1079",-71.0022705,42.2528772
"1080",NA,NA
"1081",NA,NA
"1082",NA,NA
"1083",-89.0928155,30.3674198
"1084",NA,NA
"1085",NA,NA
"1086",-83.2973732,42.3944486
"1087",NA,NA
"1088",-79.532157,43.8169837
"1089",NA,NA
"1090",-89.4012302,43.0730517
"1091",-70.6692655,-33.4488897
"1092",-77.0469214,38.8048355
"1093",-77.0552555,39.0398314
"1094",-99.2392301,19.4816993
"1095",10.451526,51.165691
"1096",-79.5131983,43.6204946
"1097",NA,NA
"1098",NA,NA
"1099",-99.1359821,19.2838812
"1100",NA,NA
"1101",NA,NA
"1102",NA,NA
"1103",-95.712891,37.09024
"1104",NA,NA
"1105",NA,NA
"1106",-1.61778,54.978252
"1107",-74.0059413,40.7127837
"1108",-70.8226541,43.9653889
"1109",-119.6981901,34.4208305
"1110",-83.2696509,42.240872
"1111",-71.0588801,42.3600825
"1112",-70.5927128,41.6917819
"1113",NA,NA
"1114",NA,NA
"1115",NA,NA
"1116",-84.1916069,39.7589478
"1117",-99.2231387,19.6528089
"1118",-81.5157535,27.6648274
"1119",NA,NA
"1120",NA,NA
"1121",-95.9979883,41.2523634
"1122",NA,NA
"1123",NA,NA
"1124",NA,NA
"1125",NA,NA
"1126",NA,NA
"1127",-74.0059413,40.7127837
"1128",NA,NA
"1129",NA,NA
"1130",NA,NA
"1131",-99.9018131,31.9685988
"1132",NA,NA
"1133",-74.0059413,40.7127837
"1134",NA,NA
"1135",NA,NA
"1136",-74.2737573,40.260111
"1137",NA,NA
"1138",-71.3824374,42.4072107
"1139",-117.9242966,33.8703596
"1140",-74.9232137,42.6999368
"1141",-95.712891,37.09024
"1142",NA,NA
"1143",NA,NA
"1144",-93.7576248,30.8491167
"1145",-93.5524358,39.7952946
"1146",-87.6297982,41.8781136
"1147",NA,NA
"1148",-72.0759105,41.5242649
"1149",NA,NA
"1150",-77.0368707,38.9071923
"1151",-73.8648268,40.8447819
"1152",-114.042866,40.7359217
"1153",NA,NA
"1154",-97.6022471,32.6959643
"1155",-122.4194155,37.7749295
"1156",-120.7401386,47.7510741
"1157",NA,NA
"1158",-95.3698028,29.7604267
"1159",-74.0059413,40.7127837
"1160",-83.9811014,34.1140497
"1161",NA,NA
"1162",-122.3320708,47.6062095
"1163",-84.5120196,39.1031182
"1164",NA,NA
"1165",-72.0759105,41.5242649
"1166",NA,NA
"1167",-81.5157535,27.6648274
"1168",-99.9018131,31.9685988
"1169",-72.0759105,41.5242649
"1170",-82.9000751,32.1656221
"1171",-73.087749,41.6032207
"1172",-72.0759105,41.5242649
"1173",-72.0759105,41.5242649
"1174",-72.0759105,41.5242649
"1175",NA,NA
"1176",-86.5804473,35.5174913
"1177",-86.5186054,36.200055
"1178",NA,NA
"1179",NA,NA
"1180",NA,NA
"1181",-77.2277603,38.704282
"1182",11.5819806,48.1351253
"1183",NA,NA
"1184",-81.6943605,41.49932
"1185",NA,NA
"1186",-78.6568942,37.4315734
"1187",-89.4012302,43.0730517
"1188",-71.0588801,42.3600825
"1189",-71.3824374,42.4072107
"1190",NA,NA
"1191",-95.712891,37.09024
"1192",-87.771964,41.909611
"1193",-76.4427188,41.767575
"1194",-72.5198537,42.3732216
"1195",-122.6764816,45.5230622
"1196",-117.1610838,32.715738
"1197",-71.0588801,42.3600825
"1198",-79.532157,43.8169837
"1199",NA,NA
"1200",-0.1277583,51.5073509
"1201",NA,NA
"1202",NA,NA
"1203",NA,NA
"1204",NA,NA
"1205",-71.2092214,42.3370413
"1206",-73.9712488,40.7830603
"1207",NA,NA
"1208",-87.6297982,41.8781136
"1209",-71.0588801,42.3600825
"1210",-71.0588801,42.3600825
"1211",NA,NA
"1212",NA,NA
"1213",NA,NA
"1214",NA,NA
"1215",-92.4554671,42.406653
"1216",NA,NA
"1217",-102.552784,23.634501
"1218",NA,NA
"1219",-97.7430608,30.267153
"1220",-83.1763145,42.3222599
"1221",-71.0588801,42.3600825
"1222",-100.4279129,45.5372162
"1223",NA,NA
"1224",-95.4171601,30.0799405
"1225",NA,NA
"1226",-89.5889864,40.6936488
"1227",NA,NA
"1228",-70.880049,42.5584283
"1229",NA,NA
"1230",-1.1743197,52.3555177
"1231",-63.616672,-38.416097
"1232",-69.4454689,45.253783
"1233",17.0362674,51.0649452
"1234",-85.6602058,30.1588129
"1235",121.5654268,25.0329636
"1236",NA,NA
"1237",NA,NA
"1238",-105.2551187,54.5259614
"1239",NA,NA
"1240",NA,NA
"1241",1.14822,52.056736
"1242",NA,NA
"1243",-0.774936,50.83761
"1244",-56.1645314,-34.9011127
"1245",NA,NA
"1246",10.8000051,5.4638158
"1247",NA,NA
"1248",-95.3698028,29.7604267
"1249",-86.241905,15.199999
"1250",-47.7921348,-20.3345205
"1251",-83.1763145,42.3222599
"1252",NA,NA
"1253",86.9523954,23.6739452
"1254",-85.6023643,44.3148443
"1255",-120.9968782,37.6390972
"1256",-96.285039,44.2630235
"1257",-5.9244808,37.1584636
"1258",NA,NA
"1259",-86.7816016,36.1626638
"1260",NA,NA
"1261",NA,NA
"1262",-75.3835525,40.1012856
"1263",-83.1763145,42.3222599
"1264",-91.6656232,41.9778795
"1265",-79.0192997,35.7595731
"1266",NA,NA
"1267",-90.4784621,42.73416
"1268",-89.5684312,42.9935911
"1269",-100.3820772,35.91282
"1270",6.129583,49.815273
"1271",-71.2511487,42.8175819
"1272",-96.7969879,32.7766642
"1273",-88.3081499,41.8877194
"1274",NA,NA
"1275",-74.0059413,40.7127837
"1276",-0.1277583,51.5073509
"1277",NA,NA
"1278",-77.0368707,38.9071923
"1279",-102.552784,23.634501
"1280",NA,NA
"1281",-79.3831843,43.653226
"1282",-80.0884774,26.6116119
"1283",NA,NA
"1284",-1.6371359,52.8140281
"1285",-72.8042797,41.3266911
"1286",-80.0997657,26.3184123
"1287",NA,NA
"1288",-118.3617443,34.0900091
"1289",-0.1052978,51.4401247
"1290",120.9842195,14.5995124
"1291",NA,NA
"1292",NA,NA
"1293",NA,NA
"1294",NA,NA
"1295",-84.3640829,33.7589188
"1296",15.472962,49.817492
"1297",-79.6561538,40.3117361
"1298",13.404954,52.5200066
"1299",-81.655651,30.3321838
"1300",NA,NA
"1301",NA,NA
"1302",NA,NA
"1303",NA,NA
"1304",NA,NA
"1305",NA,NA
"1306",NA,NA
"1307",73.1497121,22.7545035
"1308",2.3522219,48.856614
"1309",-95.712891,37.09024
"1310",121.774017,12.879721
"1311",NA,NA
"1312",-2.2426305,53.4807593
"1313",-117.3961564,33.9533487
"1314",NA,NA
"1315",-118.8379827,34.1492484
"1316",144.963056,-37.813611
"1317",-99.1907364,19.5345279
"1318",-81.1637245,33.836081
"1319",-95.712891,37.09024
"1320",NA,NA
"1321",NA,NA
"1322",NA,NA
"1323",NA,NA
"1324",NA,NA
"1325",NA,NA
"1326",-111.9260519,33.4941704
"1327",NA,NA
"1328",-91.962608,41.0084342
"1329",-111.0937311,34.0489281
"1330",133.775136,-25.274398
"1331",78.96288,20.593684
"1332",110.6645683,-7.657893
"1333",NA,NA
"1334",NA,NA
"1335",NA,NA
"1336",-106.346771,56.130366
"1337",NA,NA
"1338",-112.3237036,38.9692779
"1339",-123.1207375,49.2827291
"1340",-95.712891,37.09024
"1341",121.0244452,14.554729
"1342",NA,NA
"1343",NA,NA
"1344",-2.323702,53.425561
"1345",-69.4454689,45.253783
"1346",-93.6018389,44.7893446
"1347",-74.0059413,40.7127837
"1348",-80.4168836,7.93517
"1349",NA,NA
"1350",-97.9413941,29.8832749
"1351",-74.0059413,40.7127837
"1352",NA,NA
"1353",-71.0588801,42.3600825
"1354",-87.9064736,43.0389025
"1355",-81.3124341,29.9012437
"1356",-97.7430608,30.267153
"1357",-77.0368707,38.9071923
"1358",-81.5157535,27.6648274
"1359",-110.926479,32.2217429
"1360",NA,NA
"1361",NA,NA
"1362",-95.712891,37.09024
"1363",106.845599,-6.2087634
"1364",-81.5102655,41.4323067
"1365",-93.2650108,44.977753
"1366",NA,NA
"1367",-80.0547626,37.2934681
"1368",-51.92528,-14.235004
"1369",NA,NA
"1370",-118.3286614,34.0928092
"1371",NA,NA
"1372",NA,NA
"1373",-115.1398296,36.1699412
"1374",NA,NA
"1375",NA,NA
"1376",-83.1582451,40.0333961
"1377",-84.2700179,37.8393332
"1378",NA,NA
"1379",-87.6297982,41.8781136
"1380",-116.5765035,53.9332706
"1381",-68.7778138,44.8011821
"1382",-71.1151431,42.3097365
"1383",-79.9558968,39.629526
"1384",-77.1945247,41.2033216
"1385",-76.3729962,41.2967482
"1386",NA,NA
"1387",-46.6333094,-23.5505199
"1388",-77.8824596,37.5643209
"1389",-76.9074739,39.0348317
"1390",133.775136,-25.274398
"1391",NA,NA
"1392",-117.7831104,33.5422475
"1393",NA,NA
"1394",-88.1103691,43.2286174
"1395",-90.0715323,29.9510658
"1396",-90.0715323,29.9510658
"1397",-71.0588801,42.3600825
"1398",NA,NA
"1399",NA,NA
"1400",NA,NA
"1401",NA,NA
"1402",NA,NA
"1403",-71.2478251,42.0653812
"1404",NA,NA
"1405",-88.0178867,44.5194061
"1406",-99.133208,19.4326077
"1407",-71.3161718,42.6334247
"1408",NA,NA
"1409",-69.4454689,45.253783
"1410",-97.1383744,49.895136
"1411",-71.0588801,42.3600825
"1412",-74.297333,4.570868
"1413",NA,NA
"1414",-73.8648268,40.8447819
"1415",-87.6297982,41.8781136
"1416",-99.1774462,19.4149803
"1417",-116.5963713,31.8667427
"1418",-90.0715323,29.9510658
"1419",-87.6297982,41.8781136
"1420",-71.0588801,42.3600825
"1421",-77.0368707,38.9071923
"1422",-74.4056612,40.0583238
"1423",-118.2436849,34.0522342
"1424",NA,NA
"1425",NA,NA
"1426",-84.3879824,33.7489954
"1427",-0.1277583,51.5073509
"1428",-63.616672,-38.416097
"1429",-71.0602131,42.3782065
"1430",-87.2169149,30.421309
"1431",NA,NA
"1432",-77.5734048,37.5843082
"1433",-118.1946475,33.7649944
"1434",-123.1769587,49.2642415
"1435",-97.4780954,35.6528323
"1436",NA,NA
"1437",-115.1398296,36.1699412
"1438",-118.2436849,34.0522342
"1439",NA,NA
"1440",NA,NA
"1441",-115.1398296,36.1699412
"1442",-80.1917902,25.7616798
"1443",-86.1349019,40.2671941
"1444",NA,NA
"1445",-81.655651,30.3321838
"1446",NA,NA
"1447",NA,NA
"1448",NA,NA
"1449",NA,NA
"1450",-0.1277583,51.5073509
"1451",NA,NA
"1452",-48.5480499,-27.5953778
"1453",-95.712891,37.09024
"1454",-95.712891,37.09024
"1455",100.4775952,13.7726496
"1456",-84.1916069,39.7589478
"1457",NA,NA
"1458",NA,NA
"1459",-71.3824374,42.4072107
"1460",NA,NA
"1461",-47.4525944,-23.5015338
"1462",NA,NA
"1463",-116.9515856,47.7179578
"1464",-122.4219175,37.76686
"1465",-48.5480499,-27.5953778
"1466",-83.9844416,34.5278618
"1467",-95.3698028,29.7604267
"1468",-96.7132304,17.0542297
"1469",NA,NA
"1470",-104.5229281,33.3945681
"1471",NA,NA
"1472",NA,NA
"1473",-86.1292201,39.9108906
"1474",-71.0588801,42.3600825
"1475",-97.1080656,32.735687
"1476",-122.4166041,37.7767964
"1477",NA,NA
"1478",-71.0588801,42.3600825
"1479",-78.6381787,35.7795897
"1480",-46.6333094,-23.5505199
"1481",-112.0740373,33.4483771
"1482",-105.7820674,39.5500507
"1483",NA,NA
"1484",NA,NA
"1485",NA,NA
"1486",-77.0368707,38.9071923
"1487",75.3433139,19.8761653
"1488",NA,NA
"1489",-56.1645314,-34.9011127
"1490",-100.3161126,25.6866142
"1491",NA,NA
"1492",NA,NA
"1493",NA,NA
"1494",-47.4525944,-23.5015338
"1495",-99.1013498,19.2464696
"1496",NA,NA
"1497",NA,NA
"1498",NA,NA
"1499",-77.781167,21.521757
"1500",77.2090212,28.6139391
"1501",NA,NA
"1502",-60.0217314,-3.1190275
"1503",-101.1949825,19.7059504
"1504",-122.3320708,47.6062095
"1505",-102.4342115,47.736992
"1506",NA,NA
"1507",-84.3879824,33.7489954
"1508",NA,NA
"1509",NA,NA
"1510",-97.678896,30.5082551
"1511",-84.3879824,33.7489954
"1512",NA,NA
"1513",-6.2603097,53.3498053
"1514",-117.6897776,34.0775104
"1515",-95.712891,37.09024
"1516",NA,NA
"1517",-97.7430608,30.267153
"1518",-97.7430608,30.267153
"1519",-80.8431267,35.2270869
"1520",-3.435973,55.378051
"1521",NA,NA
"1522",NA,NA
"1523",-1.880769,50.719164
"1524",NA,NA
"1525",-83.0457538,42.331427
"1526",-118.3406288,33.8358492
"1527",-118.2436849,34.0522342
"1528",-112.0740373,33.4483771
"1529",-69.9779132,18.4886142
"1530",-114.0708459,51.0486151
"1531",NA,NA
"1532",-74.0059413,40.7127837
"1533",-71.5723953,43.1938516
"1534",-81.5157535,27.6648274
"1535",-75.1652215,39.9525839
"1536",-83.0457538,42.331427
"1537",-77.1945247,41.2033216
"1538",-90.1994042,38.6270025
"1539",NA,NA
"1540",-71.0588801,42.3600825
"1541",-0.1277583,51.5073509
"1542",NA,NA
"1543",NA,NA
"1544",NA,NA
"1545",-71.0588801,42.3600825
"1546",NA,NA
"1547",NA,NA
"1548",-83.9811014,34.1140497
"1549",-112.0740373,33.4483771
"1550",34.851612,31.046051
"1551",-116.432235,34.1141743
"1552",8.6821267,50.1109221
"1553",-95.3698028,29.7604267
"1554",-71.0588801,42.3600825
"1555",-71.0588801,42.3600825
"1556",-71.0588801,42.3600825
"1557",113.921327,-0.789275
"1558",-71.0588801,42.3600825
"1559",-87.6297982,41.8781136
"1560",-84.3640829,33.7589188
"1561",-80.4380722,25.7089512
"1562",-118.2436849,34.0522342
"1563",-95.3698028,29.7604267
"1564",-95.3698028,29.7604267
"1565",NA,NA
"1566",-2.2341932,53.4810629
"1567",NA,NA
"1568",-71.3102482,42.6195236
"1569",NA,NA
"1570",NA,NA
"1571",-1.794472,51.068785
"1572",-4.160248,51.680886
"1573",-87.9196785,43.0405846
"1574",NA,NA
"1575",-73.5190579,40.6924734
"1576",-121.9017954,38.3104969
"1577",NA,NA
"1578",107.5889804,-6.8903936
"1579",-75.015152,-9.189967
"1580",-1.0879769,50.8197675
"1581",NA,NA
"1582",-94.5785667,39.0997265
"1583",-95.3698028,29.7604267
"1584",-95.712891,37.09024
"1585",NA,NA
"1586",-118.1937395,33.7700504
"1587",-72.1149375,42.4006089
"1588",NA,NA
"1589",NA,NA
"1590",-95.3698028,29.7604267
"1591",-95.3698028,29.7604267
"1592",4.870087,52.3114207
"1593",NA,NA
"1594",-83.2218731,42.4733688
"1595",NA,NA
"1596",NA,NA
"1597",NA,NA
"1598",NA,NA
"1599",NA,NA
"1600",-99.133208,19.4326077
"1601",NA,NA
"1602",-0.7532809,39.4840108
"1603",-97.5192065,38.203065
"1604",-96.7969879,32.7766642
"1605",NA,NA
"1606",-118.2436849,34.0522342
"1607",NA,NA
"1608",-3.435973,55.378051
"1609",-118.3617443,34.0900091
"1610",39.2279583,21.5646891
"1611",-95.3698028,29.7604267
"1612",NA,NA
"1613",-96.7969879,32.7766642
"1614",-122.6764816,45.5230622
"1615",115.2126293,-8.6704582
"1616",-102.552784,23.634501
"1617",NA,NA
"1618",-102.552784,23.634501
"1619",-102.552784,23.634501
"1620",-102.552784,23.634501
"1621",-74.694929,40.774716
"1622",NA,NA
"1623",NA,NA
"1624",27.5615244,53.9045398
"1625",-102.4107493,34.2331373
"1626",-117.1610838,32.715738
"1627",-157.7394444,21.4022222
"1628",-122.3320708,47.6062095
"1629",-84.3879824,33.7489954
"1630",NA,NA
"1631",-80.8603868,32.2371465
"1632",2.213749,46.227638
"1633",NA,NA
"1634",85.3239605,27.7172453
"1635",NA,NA
"1636",NA,NA
"1637",-113.4909267,53.544389
"1638",-113.4909267,53.544389
"1639",-83.9007382,33.8389977
"1640",NA,NA
"1641",NA,NA
"1642",-118.3870991,34.1395597
"1643",-99.1013498,19.2464696
"1644",139.6516577,35.7356234
"1645",101.5851192,3.0567333
"1646",NA,NA
"1647",NA,NA
"1648",-102.552784,23.634501
"1649",-118.3286614,34.0928092
"1650",2.3522219,48.856614
"1651",NA,NA
"1652",NA,NA
"1653",-71.0588801,42.3600825
"1654",-99.9018131,31.9685988
"1655",-82.9000751,32.1656221
"1656",-111.8338359,41.7369803
"1657",10.89779,48.3705449
"1658",NA,NA
"1659",NA,NA
"1660",-98.1633432,26.3017374
"1661",NA,NA
"1662",-73.9853036,40.8817899
"1663",NA,NA
"1664",-98.1633432,26.3017374
"1665",-3.023612,53.4793756
"1666",NA,NA
"1667",-77.0368707,38.9071923
"1668",-74.0059413,40.7127837
"1669",NA,NA
"1670",-6.106338,53.203327
"1671",-70.1813018,11.711511
"1672",139.773143,35.705455
"1673",6.1935705,46.3166195
"1674",-95.3696909,35.7478769
"1675",-81.5157535,27.6648274
"1676",NA,NA
"1677",NA,NA
"1678",NA,NA
"1679",NA,NA
"1680",NA,NA
"1681",-109.6505522,32.7605946
"1682",-155.5827818,19.8967662
"1683",NA,NA
"1684",NA,NA
"1685",-122.4264918,37.6281364
"1686",-117.1610838,32.715738
"1687",NA,NA
"1688",-95.712891,37.09024
"1689",NA,NA
"1690",-74.297333,4.570868
"1691",NA,NA
"1692",-100.4370375,31.4637723
"1693",-79.9958864,40.4406248
"1694",-76.2403305,36.9003379
"1695",-84.3879824,33.7489954
"1696",NA,NA
"1697",0.121817,52.205337
"1698",-102.7872591,20.331768
"1699",-119.4179324,36.778261
"1700",NA,NA
"1701",NA,NA
"1702",NA,NA
"1703",NA,NA
"1704",-83.7430378,42.2808256
"1705",-71.3824374,42.4072107
"1706",-71.1002881,42.3428653
"1707",NA,NA
"1708",NA,NA
"1709",NA,NA
"1710",-115.1398296,36.1699412
"1711",-97.5466702,30.5426995
"1712",-71.3824374,42.4072107
"1713",-71.0475773,42.3381437
"1714",-81.5157535,27.6648274
"1715",-76.7496909,38.8159473
"1716",-74.0059413,40.7127837
"1717",-95.712891,37.09024
"1718",-83.0457538,42.331427
"1719",-76.1783739,40.0466571
"1720",-76.1783739,40.0466571
"1721",NA,NA
"1722",NA,NA
"1723",-70.6225709,43.1591787
"1724",-68.3242061,-54.8053998
"1725",-86.7816016,36.1626638
"1726",-74.4056612,40.0583238
"1727",-71.5215024,41.7036711
"1728",-111.0506774,39.2321322
"1729",NA,NA
"1730",NA,NA
"1731",-74.0059413,40.7127837
"1732",NA,NA
"1733",NA,NA
"1734",-81.3792365,28.5383355
"1735",-71.0588801,42.3600825
"1736",NA,NA
"1737",-77.4360481,37.5407246
"1738",-73.087749,41.6032207
"1739",-77.0368707,38.9071923
"1740",-83.7430378,42.2808256
"1741",NA,NA
"1742",-71.0588801,42.3600825
"1743",-72.589811,42.1014831
"1744",-67.1451549,18.2013452
"1745",NA,NA
"1746",79.8420244,6.9329818
"1747",-40.5120603,-11.1816506
"1748",NA,NA
"1749",-118.2436849,34.0522342
"1750",NA,NA
"1751",-87.2169149,30.421309
"1752",NA,NA
"1753",NA,NA
"1754",-71.3824374,42.4072107
"1755",-71.8022934,42.2625932
"1756",-71.3824374,42.4072107
"1757",-122.4194155,37.7749295
"1758",-119.4179324,36.778261
"1759",NA,NA
"1760",-43.1728965,-22.9068467
"1761",NA,NA
"1762",NA,NA
"1763",-69.4454689,45.253783
"1764",NA,NA
"1765",NA,NA
"1766",NA,NA
"1767",-73.087749,41.6032207
"1768",NA,NA
"1769",-122.1686033,37.4226924
"1770",NA,NA
"1771",-77.6363806,38.8120591
"1772",-91.1403196,30.4582829
"1773",-105.8700901,34.5199402
"1774",-95.3698028,29.7604267
"1775",-104.8213634,38.8338816
"1776",-115.1398296,36.1699412
"1777",NA,NA
"1778",-74.0059413,40.7127837
"1779",-96.7969879,32.7766642
"1780",-81.5157535,27.6648274
"1781",-71.4495058,42.4334903
"1782",138.6007456,-34.9284989
"1783",NA,NA
"1784",-118.2436849,34.0522342
"1785",-95.3698028,29.7604267
"1786",NA,NA
"1787",-83.9207392,35.9606384
"1788",NA,NA
"1789",-80.0533746,26.7153424
"1790",NA,NA
"1791",-119.4179324,36.778261
"1792",-74.0059413,40.7127837
"1793",NA,NA
"1794",-86.9123217,30.4109342
"1795",-122.3320708,47.6062095
"1796",104.0304535,1.0456264
"1797",-71.3824374,42.4072107
"1798",-80.01288,40.6951244
"1799",NA,NA
"1800",NA,NA
"1801",NA,NA
"1802",-71.0588801,42.3600825
"1803",-71.0588801,42.3600825
"1804",-82.3248262,29.6516344
"1805",NA,NA
"1806",NA,NA
"1807",-119.4179324,36.778261
"1808",-95.712891,37.09024
"1809",-81.5157535,27.6648274
"1810",-81.8661442,28.0582985
"1811",-80.9822286,43.3700007
"1812",NA,NA
"1813",-122.4194155,37.7749295
"1814",-77.4291298,39.0066993
"1815",-86.5861037,34.7303688
"1816",NA,NA
"1817",NA,NA
"1818",NA,NA
"1819",NA,NA
"1820",NA,NA
"1821",NA,NA
"1822",NA,NA
"1823",-51.92528,-14.235004
"1824",-87.6297982,41.8781136
"1825",NA,NA
"1826",-102.552784,23.634501
"1827",NA,NA
"1828",NA,NA
"1829",-8.6292239,52.6612217
"1830",-90.7195348,29.5957696
"1831",NA,NA
"1832",-79.0215336,-8.1090524
"1833",-0.1277583,51.5073509
"1834",NA,NA
"1835",-80.1289321,26.3683064
"1836",2.1734035,41.3850639
"1837",23.8584737,38.0457568
"1838",-74.072092,4.7109886
"1839",-6.0580106,54.516246
"1840",NA,NA
"1841",-118.122421,33.748666
"1842",NA,NA
"1843",NA,NA
"1844",NA,NA
"1845",-84.9510542,34.502587
"1846",106.9004472,-6.2250138
"1847",-97.7430608,30.267153
"1848",-76.6412712,39.0457549
"1849",-97.8202888,30.505198
"1850",-71.0588801,42.3600825
"1851",NA,NA
"1852",NA,NA
"1853",-86.158068,39.768403
"1854",NA,NA
"1855",-4.8168799,55.9591984
"1856",-78.0711372,35.2082274
"1857",-118.2436849,34.0522342
"1858",NA,NA
"1859",NA,NA
"1860",-84.3879824,33.7489954
"1861",-96.7969879,32.7766642
"1862",-90.188701,30.0006167
"1863",NA,NA
"1864",NA,NA
"1865",NA,NA
"1866",-72.7420151,41.7620842
"1867",-77.0562669,38.8718568
"1868",-76.6121893,39.2903848
"1869",NA,NA
"1870",-97.9413941,29.8832749
"1871",-71.0588801,42.3600825
"1872",-81.5157535,27.6648274
"1873",NA,NA
"1874",-98.1633432,26.3017374
"1875",-71.0588801,42.3600825
"1876",-71.0588801,42.3600825
"1877",-3.435973,55.378051
"1878",NA,NA
"1879",-98.4936282,29.4241219
"1880",NA,NA
"1881",-95.712891,37.09024
"1882",NA,NA
"1883",4.8091029,52.6930156
"1884",-74.6672226,40.3572976
"1885",NA,NA
"1886",NA,NA
"1887",NA,NA
"1888",-121.6219177,39.7596061
"1889",12.453389,41.902916
"1890",NA,NA
"1891",-106.1020263,28.660437
"1892",-87.9064736,43.0389025
"1893",106.8060388,-6.5971469
"1894",NA,NA
"1895",NA,NA
"1896",NA,NA
"1897",NA,NA
"1898",-95.3698028,29.7604267
"1899",-87.6297982,41.8781136
"1900",110.4291879,-6.9979272
"1901",11.5892372,50.927054
"1902",NA,NA
"1903",NA,NA
"1904",NA,NA
"1905",NA,NA
"1906",-97.7430608,30.267153
"1907",-76.818317,39.1909646
"1908",NA,NA
"1909",-74.4056612,40.0583238
"1910",-85.6680863,42.9633599
"1911",NA,NA
"1912",-80.1917902,25.7616798
"1913",-95.3698028,29.7604267
"1914",-73.9930806,40.7634549
"1915",NA,NA
"1916",-95.3698028,29.7604267
"1917",NA,NA
"1918",NA,NA
"1919",NA,NA
"1920",NA,NA
"1921",-86.1349019,40.2671941
"1922",130.6281987,32.9159444
"1923",-84.3879824,33.7489954
"1924",-90.0772944,29.9035387
"1925",NA,NA
"1926",-43.1152211,-22.8858975
"1927",-102.4107493,34.2331373
"1928",NA,NA
"1929",-84.5120196,39.1031182
"1930",NA,NA
"1931",-77.0235751,38.9011236
"1932",NA,NA
"1933",-127.6476206,53.7266683
"1934",-85.6023643,44.3148443
"1935",NA,NA
"1936",-56.1645314,-34.9011127
"1937",NA,NA
"1938",-95.712891,37.09024
"1939",NA,NA
"1940",-79.3831843,43.653226
"1941",-97.678896,30.5082551
"1942",-43.9344931,-19.9166813
"1943",-3.3821421,51.6858341
"1944",NA,NA
"1945",-93.0456152,35.0228396
"1946",-86.2519898,41.6763545
"1947",-86.2519898,41.6763545
"1948",-74.0059413,40.7127837
"1949",-97.9413941,29.8832749
"1950",-123.3656444,48.4284207
"1951",-79.3831843,43.653226
"1952",-95.3698028,29.7604267
"1953",-87.6297982,41.8781136
"1954",-99.133208,19.4326077
"1955",-122.5449763,37.9060368
"1956",-90.5823138,30.5043578
"1957",NA,NA
"1958",-111.8910474,40.7607793
"1959",-87.6297982,41.8781136
"1960",-77.1945247,41.2033216
"1961",NA,NA
"1962",-63.616672,-38.416097
"1963",16.1828781,43.0602104
"1964",-100.1875974,25.7815621
"1965",-99.9018131,31.9685988
"1966",-3.74922,40.463667
"1967",-95.712891,37.09024
"1968",NA,NA
"1969",11.7954132,42.0924239
"1970",-74.0059413,40.7127837
"1971",NA,NA
"1972",NA,NA
"1973",-74.0059413,40.7127837
"1974",NA,NA
"1975",-80.6155989,35.048077
"1976",-74.1318096,40.9403762
"1977",-1.0879769,50.8197675
"1978",NA,NA
"1979",-81.5157535,27.6648274
"1980",NA,NA
"1981",NA,NA
"1982",NA,NA
"1983",-62.6480207,46.1650664
"1984",NA,NA
"1985",-95.712891,37.09024
"1986",-119.4179324,36.778261
"1987",NA,NA
"1988",-74.0059413,40.7127837
"1989",-79.3831843,43.653226
"1990",NA,NA
"1991",113.921327,-0.789275
"1992",-84.109083,33.3459495
"1993",30.802498,26.820553
"1994",-82.907123,40.4172871
"1995",NA,NA
"1996",18.904544,47.3919718
"1997",NA,NA
"1998",NA,NA
"1999",-80.3739487,25.7565756
"2000",-3.435973,55.378051
"2001",106.8420136,-6.223432
"2002",-3.17909,51.481581
"2003",NA,NA
"2004",NA,NA
"2005",-77.0469214,38.8048355
"2006",-83.9811014,34.1140497
"2007",NA,NA
"2008",-115.1398296,36.1699412
"2009",NA,NA
"2010",-94.1574263,36.0625795
"2011",-73.298408,41.7040641
"2012",-94.1574263,36.0625795
"2013",NA,NA
"2014",-122.3320708,47.6062095
"2015",-1.6296949,53.689833
"2016",NA,NA
"2017",NA,NA
"2018",-77.1067698,38.8799697
"2019",NA,NA
"2020",-122.4194155,37.7749295
"2021",-99.9018131,31.9685988
"2022",-99.1013498,19.2464696
"2023",-96.7969879,32.7766642
"2024",-1.5490774,53.8007554
"2025",NA,NA
"2026",-103.4067861,25.5428443
"2027",-98.4842465,39.011902
"2028",-95.3698028,29.7604267
"2029",-106.346771,56.130366
"2030",NA,NA
"2031",NA,NA
"2032",-72.2781409,42.933692
"2033",NA,NA
"2034",NA,NA
"2035",NA,NA
"2036",NA,NA
"2037",NA,NA
"2038",-79.3831843,43.653226
"2039",-71.2689034,42.0905357
"2040",NA,NA
"2041",NA,NA
"2042",-71.0588801,42.3600825
"2043",NA,NA
"2044",NA,NA
"2045",-86.3442107,34.3614336
"2046",NA,NA
"2047",NA,NA
"2048",-96.7219034,17.0686305
"2049",NA,NA
"2050",NA,NA
"2051",-95.3698028,29.7604267
"2052",-112.0152411,41.5060743
"2053",-74.0059413,40.7127837
"2054",NA,NA
"2055",-89.3985283,40.6331249
"2056",-80.6495194,41.0997803
"2057",NA,NA
"2058",NA,NA
"2059",-74.4010448,40.4484259
"2060",NA,NA
"2061",-80.7089101,-0.9676533
"2062",NA,NA
"2063",-104.990251,39.7392358
"2064",NA,NA
"2065",-84.6266111,38.9989499
"2066",-71.0588801,42.3600825
"2067",-74.0059413,40.7127837
"2068",-103.4067861,25.5428443
"2069",-88.5900235,30.9251869
"2070",-99.1622211,19.6382457
"2071",-66.58973,6.42375
"2072",-51.92528,-14.235004
"2073",-122.3320708,47.6062095
"2074",-112.0740373,33.4483771
"2075",-96.796302,32.809619
"2076",NA,NA
"2077",-7.6920536,53.1423672
"2078",-82.5748194,27.4989278
"2079",NA,NA
"2080",NA,NA
"2081",-83.9811014,34.1140497
"2082",-85.6023643,44.3148443
"2083",-97.1080656,32.735687
"2084",NA,NA
"2085",NA,NA
"2086",-81.8543026,41.3661614
"2087",NA,NA
"2088",NA,NA
"2089",-95.3698028,29.7604267
"2090",-95.712891,37.09024
"2091",110.3694896,-7.7955798
"2092",-95.3698028,29.7604267
"2093",NA,NA
"2094",NA,NA
"2095",NA,NA
"2096",-96.7028312,33.0205401
"2097",NA,NA
"2098",NA,NA
"2099",NA,NA
"2100",100.5998319,13.5990961
"2101",NA,NA
"2102",-74.297333,4.570868
"2103",NA,NA
"2104",-95.712891,37.09024
"2105",-45.2325476,-21.2335652
"2106",-0.1277583,51.5073509
"2107",-90.7195348,29.5957696
"2108",NA,NA
"2109",NA,NA
"2110",NA,NA
"2111",11.5819806,48.1351253
"2112",-93.2650108,44.977753
"2113",-119.8138027,39.5296329
"2114",NA,NA
"2115",-86.3442107,34.3614336
"2116",NA,NA
"2117",NA,NA
"2118",NA,NA
"2119",-94.1574263,36.0625795
"2120",NA,NA
"2121",NA,NA
"2122",NA,NA
"2123",-71.0588801,42.3600825
"2124",-83.7438303,42.439479
"2125",-74.0059413,40.7127837
"2126",-84.5120196,39.1031182
"2127",-75.4101945,39.9078893
"2128",NA,NA
"2129",NA,NA
"2130",27.511674,40.9780919
"2131",-86.241905,15.199999
"2132",-113.4909267,53.544389
"2133",NA,NA
"2134",-99.0930528,19.8039297
"2135",-77.0368707,38.9071923
"2136",-77.0368707,38.9071923
"2137",-8.6291053,41.1579438
"2138",120.5887029,15.1449853
"2139",NA,NA
"2140",NA,NA
"2141",NA,NA
"2142",NA,NA
"2143",-96.7969879,32.7766642
"2144",NA,NA
"2145",NA,NA
"2146",NA,NA
"2147",NA,NA
"2148",-99.5450974,17.4391926
"2149",NA,NA
"2150",NA,NA
"2151",-78.183406,-1.831239
"2152",NA,NA
"2153",NA,NA
"2154",NA,NA
"2155",NA,NA
"2156",NA,NA
"2157",NA,NA
"2158",-103.3496092,20.6596988
"2159",-99.133208,19.4326077
"2160",NA,NA
"2161",NA,NA
"2162",NA,NA
"2163",107.6191228,-6.9174639
"2164",NA,NA
"2165",NA,NA
"2166",NA,NA
"2167",-71.0183787,42.0834335
"2168",NA,NA
"2169",NA,NA
"2170",-80.5655699,41.185943
"2171",-99.133208,19.4326077
"2172",-76.535758,3.45246
"2173",NA,NA
"2174",NA,NA
"2175",-90.4442979,41.5008673
"2176",-86.3442107,34.3614336
"2177",7.6261347,51.9606649
"2178",NA,NA
"2179",NA,NA
"2180",-77.6109219,43.16103
"2181",NA,NA
"2182",8.6821267,50.1109221
"2183",NA,NA
"2184",NA,NA
"2185",NA,NA
"2186",NA,NA
"2187",NA,NA
"2188",NA,NA
"2189",5.1214201,52.0907374
"2190",NA,NA
"2191",NA,NA
"2192",NA,NA
"2193",-87.6297982,41.8781136
"2194",NA,NA
"2195",NA,NA
"2196",NA,NA
"2197",NA,NA
"2198",-87.6297982,41.8781136
"2199",NA,NA
"2200",NA,NA
"2201",NA,NA
"2202",NA,NA
"2203",NA,NA
"2204",-90.2228629,33.1829034
"2205",-71.0588801,42.3600825
"2206",NA,NA
"2207",NA,NA
"2208",NA,NA
"2209",NA,NA
"2210",NA,NA
"2211",-155.5827818,19.8967662
"2212",NA,NA
"2213",NA,NA
"2214",NA,NA
"2215",NA,NA
"2216",-81.5157535,27.6648274
"2217",-67.4576109,10.1756523
"2218",-1.5490774,53.8007554
"2219",NA,NA
"2220",NA,NA
"2221",-0.1277583,51.5073509
"2222",-122.2015159,47.6101497
"2223",1.024256,51.361047
"2224",-106.346771,56.130366
"2225",-118.2436849,34.0522342
"2226",-86.902298,32.3182314
"2227",NA,NA
"2228",-117.0001651,46.7323875
"2229",NA,NA
"2230",-118.2436849,34.0522342
"2231",106.6296638,10.8230989
"2232",NA,NA
"2233",24.1051864,56.9496487
"2234",NA,NA
"2235",9.3767173,47.4244818
"2236",-99.9018131,31.9685988
"2237",NA,NA
"2238",NA,NA
"2239",NA,NA
"2240",-1.5490774,53.8007554
"2241",-85.207229,12.865416
"2242",NA,NA
"2243",4.0617938,50.8805058
"2244",NA,NA
"2245",-84.5120196,39.1031182
"2246",1.5208624,44.0859426
"2247",NA,NA
"2248",-0.1277583,51.5073509
"2249",10.3279036,44.801485
"2250",-74.0434736,40.8859325
"2251",NA,NA
"2252",NA,NA
"2253",NA,NA
"2254",NA,NA
"2255",-87.6297982,41.8781136
"2256",NA,NA
"2257",NA,NA
"2258",-73.9788647,40.7580616
"2259",-156.3319253,20.7983626
"2260",-115.1398296,36.1699412
"2261",NA,NA
"2262",-95.3698028,29.7604267
"2263",-72.1416132,7.9137001
"2264",NA,NA
"2265",NA,NA
"2266",-72.0758784,42.5586341
"2267",-98.3252932,26.2159066
"2268",NA,NA
"2269",NA,NA
"2270",-83.9811014,34.1140497
"2271",NA,NA
"2272",-117.9313679,33.6335075
"2273",-99.1054986,19.2418444
"2274",-82.9987942,39.9611755
"2275",NA,NA
"2276",-118.2436849,34.0522342
"2277",NA,NA
"2278",-115.1398296,36.1699412
"2279",-94.9774274,29.7355047
"2280",-87.6297982,41.8781136
"2281",-74.0059413,40.7127837
"2282",-118.3617443,34.0900091
"2283",NA,NA
"2284",NA,NA
"2285",-80.782127,8.537981
"2286",NA,NA
"2287",-118.2436849,34.0522342
"2288",NA,NA
"2289",NA,NA
"2290",NA,NA
"2291",NA,NA
"2292",NA,NA
"2293",100.4746823,7.0086202
"2294",-105.2480864,20.8074834
"2295",NA,NA
"2296",-82.3445055,29.652389
"2297",-99.133208,19.4326077
"2298",NA,NA
"2299",-94.3985475,35.3859242
"2300",NA,NA
"2301",-79.9223592,-2.1709979
"2302",NA,NA
"2303",-95.712891,37.09024
"2304",100.614347,7.1756004
"2305",NA,NA
"2306",NA,NA
"2307",-104.990251,39.7392358
"2308",NA,NA
"2309",NA,NA
"2310",-71.2079809,46.8138783
"2311",NA,NA
"2312",NA,NA
"2313",-99.133208,19.4326077
"2314",20.4489216,44.786568
"2315",NA,NA
"2316",-90.1994042,38.6270025
"2317",NA,NA
"2318",NA,NA
"2319",-79.9223592,-2.1709979
"2320",-74.0059413,40.7127837
"2321",-76.6412712,39.0457549
"2322",NA,NA
"2323",-93.2970652,44.7441246
"2324",-85.8738399,38.3242901
"2325",-95.3698028,29.7604267
"2326",NA,NA
"2327",-95.3698028,29.7604267
"2328",NA,NA
"2329",-98.2061996,19.0412967
"2330",NA,NA
"2331",NA,NA
"2332",-96.7969879,32.7766642
"2333",NA,NA
"2334",-100.3161126,25.6866142
"2335",-95.3698028,29.7604267
"2336",NA,NA
"2337",-74.297333,4.570868
"2338",NA,NA
"2339",-98.8362755,24.26694
"2340",-79.9223592,-2.1709979
"2341",-100.1875974,25.7815621
"2342",-66.58973,6.42375
"2343",-116.3181481,33.7369868
"2344",-71.5500276,-33.0153481
"2345",-96.7219034,17.0686305
"2346",-99.133208,19.4326077
"2347",-111.8314724,33.4151843
"2348",-78.532977,39.38575
"2349",-101.2557888,21.0175518
"2350",-3.74922,40.463667
"2351",-102.552784,23.634501
"2352",-6.2603097,53.3498053
"2353",NA,NA
"2354",-75.5812119,6.244203
"2355",NA,NA
"2356",NA,NA
"2357",-74.0059413,40.7127837
"2358",-99.7232673,19.4968732
"2359",NA,NA
"2360",-118.4042615,34.0214143
"2361",-103.3496092,20.6596988
"2362",15.439504,47.070714
"2363",-73.9519329,40.6803138
"2364",NA,NA
"2365",-99.1801383,19.4339587
"2366",-102.552784,23.634501
"2367",NA,NA
"2368",NA,NA
"2369",NA,NA
"2370",77.2090212,28.6139391
"2371",NA,NA
"2372",NA,NA
"2373",-119.0187125,35.3732921
"2374",NA,NA
"2375",-71.3824374,42.4072107
"2376",NA,NA
"2377",-83.9811014,34.1140497
"2378",NA,NA
"2379",-95.3698028,29.7604267
"2380",-95.712891,37.09024
"2381",NA,NA
"2382",NA,NA
"2383",NA,NA
"2384",-117.2712717,32.8328112
"2385",-84.3879824,33.7489954
"2386",-82.445154,38.4192496
"2387",NA,NA
"2388",NA,NA
"2389",-87.677251,34.79981
"2390",NA,NA
"2391",120.6877391,24.1360957
"2392",NA,NA
"2393",-87.6297982,41.8781136
"2394",-95.3771408,29.7654878
"2395",21.5393309,41.3329867
"2396",NA,NA
"2397",NA,NA
"2398",-71.0588801,42.3600825
"2399",NA,NA
"2400",-63.616672,-38.416097
"2401",-99.133208,19.4326077
"2402",-98.2978951,26.0508406
"2403",-102.552784,23.634501
"2404",NA,NA
"2405",NA,NA
"2406",-86.7816016,36.1626638
"2407",-99.133208,19.4326077
"2408",-84.7996573,33.3806716
"2409",-118.2436849,34.0522342
"2410",NA,NA
"2411",-86.158068,39.768403
"2412",NA,NA
"2413",-95.1765978,29.9988306
"2414",NA,NA
"2415",-118.1339563,33.8536269
"2416",NA,NA
"2417",-95.3698028,29.7604267
"2418",-102.552784,23.634501
"2419",NA,NA
"2420",NA,NA
"2421",NA,NA
"2422",-70.934205,41.6362152
"2423",NA,NA
"2424",NA,NA
"2425",-122.4264918,37.6281364
"2426",NA,NA
"2427",-99.133208,19.4326077
"2428",NA,NA
"2429",-106.7636538,32.3199396
"2430",NA,NA
"2431",-79.532157,43.8169837
"2432",-85.3232139,51.253775
"2433",NA,NA
"2434",-85.6023643,44.3148443
"2435",-86.8688899,35.9250637
"2436",NA,NA
"2437",-122.4194155,37.7749295
"2438",-122.4194155,37.7749295
"2439",-1.829833,52.4750743
"2440",-73.567256,45.5016889
"2441",NA,NA
"2442",NA,NA
"2443",NA,NA
"2444",-87.6297982,41.8781136
"2445",-74.0059413,40.7127837
"2446",NA,NA
"2447",-95.3698028,29.7604267
"2448",-79.1999949,44.0383744
"2449",NA,NA
"2450",-96.6388833,32.912624
"2451",NA,NA
"2452",-71.0897674,41.900101
"2453",-104.990251,39.7392358
"2454",99.0681668,2.970042
"2455",-81.5157535,27.6648274
"2456",-118.2436849,34.0522342
"2457",NA,NA
"2458",NA,NA
"2459",NA,NA
"2460",NA,NA
"2461",-88.9936873,40.4842027
"2462",-111.789027,33.3528264
"2463",-95.712891,37.09024
"2464",-44.5550308,-18.512178
"2465",-75.1652215,39.9525839
"2466",-61.3268535,-4.4420385
"2467",-84.4277001,33.6407282
"2468",-95.712891,37.09024
"2469",NA,NA
"2470",-114.9817213,36.0395247
"2471",NA,NA
"2472",-95.3698028,29.7604267
"2473",-95.712891,37.09024
"2474",NA,NA
"2475",22.9444191,40.6400629
"2476",NA,NA
"2477",-74.072092,4.7109886
"2478",-75.6971931,45.4215296
"2479",NA,NA
"2480",NA,NA
"2481",-64.314324,44.505
"2482",-118.2436849,34.0522342
"2483",NA,NA
"2484",NA,NA
"2485",-119.8138027,39.5296329
"2486",-118.2436849,34.0522342
"2487",-118.2436849,34.0522342
"2488",-118.2436849,34.0522342
"2489",NA,NA
"2490",-117.7913747,33.7128611
"2491",NA,NA
"2492",-73.9712488,40.7830603
"2493",NA,NA
"2494",NA,NA
"2495",-102.552784,23.634501
"2496",-46.311625,-23.5453209
"2497",121.774017,12.879721
"2498",NA,NA
"2499",NA,NA
"2500",-80.3144276,43.3616211
